Feature,Importance
Komödie,0.2823529411764706
Abenteuer,0.22941176470588234
Science Fiction,0.1411764705882353
TMDb_Rating,0.11764705882352941
Action,0.09411764705882353
Drama,0.058823529411764705
Thriller,0.041176470588235294
Liebesfilm,0.03529411764705882
Krimi,0.0
